"Date","Share Code","Year High (GHS)","Year Low (GHS)","Previous Closing Price VWAP (GHS)","Opening Price (GHS)","Closing Price VWAP (GHS)","Total Shares Traded","Last Transaction Price (GHS)"
"2017-01-03","FML","11.20","11.20","11.14","11.14","11.20","203500","11.20"
"2017-01-04","FML","11.20","11.20","11.20","11.20","11.20","300","11.20"
"2017-01-05","FML","11.20","11.20","11.20","11.20","11.20","0","11.20"
"2017-01-06","FML","11.20","11.20","11.20","11.20","11.20","590000","11.20"
"2017-01-09","FML","11.20","11.20","11.20","11.20","11.20","11400","11.20"
"2017-01-10","FML","11.20","11.20","11.20","11.20","11.20","600","11.20"
"2017-01-11","FML","11.20","11.20","11.20","11.20","11.20","200","11.20"
"2017-01-12","FML","11.20","11.20","11.20","11.20","11.20","0","11.20"
"2017-01-13","FML","11.20","11.20","11.20","11.20","11.20","0","11.20"
"2017-01-16","FML","11.20","11.20","11.20","11.20","11.20","2100","11.20"
"2017-01-17","FML","11.20","11.20","11.20","11.20","11.20","1000","11.20"
"2017-01-18","FML","11.20","11.20","11.20","11.20","11.20","1500","11.20"
"2017-01-19","FML","11.20","11.20","11.20","11.20","11.20","150000","11.20"
"2017-01-20","FML","11.20","11.20","11.20","11.20","11.20","300","11.20"
"2017-01-23","FML","11.20","11.20","11.20","11.20","11.20","100","11.20"
"2017-01-24","FML","11.20","11.20","11.20","11.20","11.20","0","11.20"
"2017-01-25","FML","11.20","11.20","11.20","11.20","11.20","800","11.20"
"2017-01-26","FML","11.20","11.20","11.20","11.20","11.20","2500","11.20"
"2017-01-27","FML","11.20","11.20","11.20","11.20","11.20","1300","11.20"
"2017-01-30","FML","11.20","11.20","11.20","11.20","11.20","1300","11.20"
"2017-01-31","FML","11.20","11.20","11.20","11.20","11.20","500","11.20"
"2017-02-01","FML","11.20","11.20","11.20","11.20","11.20","2000","11.20"
"2017-02-02","FML","11.20","11.20","11.20","11.20","11.20","200","11.20"
"2017-02-03","FML","11.20","11.20","11.20","11.20","11.20","800","11.20"
"2017-02-06","FML","11.20","11.20","11.20","11.20","11.20","1700","11.20"
"2017-02-07","FML","11.20","11.20","11.20","11.20","11.20","149100","11.20"
"2017-02-08","FML","11.20","11.10","11.20","11.20","11.10","161000","11.10"
"2017-02-09","FML","11.20","11.10","11.10","11.10","11.10","0","11.10"
"2017-02-10","FML","11.20","11.10","11.10","11.10","11.10","100","11.10"
"2017-02-13","FML","11.20","11.10","11.10","11.10","11.10","0","11.10"
"2017-02-14","FML","11.20","11.10","11.10","11.10","11.10","100","11.10"
"2017-02-15","FML","11.20","11.10","11.10","11.10","11.10","0","11.10"
"2017-02-16","FML","11.20","11.10","11.10","11.10","11.10","0","11.10"
"2017-02-17","FML","11.20","11.10","11.10","11.10","11.10","0","11.10"
"2017-02-20","FML","11.20","11.08","11.10","11.10","11.08","200","11.08"
"2017-02-21","FML","11.20","11.08","11.08","11.08","11.08","0","11.08"
"2017-02-22","FML","11.20","11.08","11.08","11.08","11.08","100","11.08"
"2017-02-23","FML","11.20","11.08","11.08","11.08","11.08","0","11.08"
"2017-02-24","FML","11.30","11.08","11.08","11.08","11.30","374900","11.30"
"2017-02-27","FML","11.30","11.08","11.30","11.30","11.30","4100","11.30"
"2017-02-28","FML","11.30","11.08","11.30","11.30","11.30","2600","11.30"
"2017-03-01","FML","11.30","11.08","11.30","11.30","11.30","58000","11.30"
"2017-03-02","FML","11.30","11.08","11.30","11.30","11.30","8400","11.30"
"2017-03-03","FML","11.30","11.08","11.30","11.30","11.30","0","11.30"
"2017-03-07","FML","11.30","11.08","11.30","11.30","11.30","3100","11.30"
"2017-03-08","FML","11.30","11.08","11.30","11.30","11.30","100","11.30"
"2017-03-09","FML","11.30","11.08","11.30","11.30","11.30","0","11.30"
"2017-03-10","FML","11.30","11.08","11.30","11.30","11.30","0","11.30"
"2017-03-13","FML","11.30","11.08","11.30","11.30","11.30","10500","11.30"
"2017-03-14","FML","11.30","11.08","11.30","11.30","11.30","0","11.30"
"2017-03-15","FML","11.30","11.08","11.30","11.30","11.30","39000","11.30"
"2017-03-16","FML","11.30","11.08","11.30","11.30","11.30","200","11.30"
"2017-03-17","FML","11.30","11.08","11.30","11.30","11.30","1300","11.30"
"2017-03-20","FML","11.30","11.08","11.30","11.30","11.30","0","11.30"
"2017-03-21","FML","11.30","11.08","11.30","11.30","11.30","0","11.30"
"2017-03-22","FML","11.30","11.08","11.30","11.30","11.30","300","11.30"
"2017-03-23","FML","11.30","11.08","11.30","11.30","11.30","8600","11.30"
"2017-03-24","FML","11.30","11.08","11.30","11.30","11.30","0","11.30"
"2017-03-27","FML","11.30","11.08","11.30","11.30","11.30","0","11.30"
"2017-03-28","FML","11.30","11.08","11.30","11.30","11.30","4200","11.30"
"2017-03-29","FML","11.30","11.08","11.30","11.30","11.30","600","11.30"
"2017-03-30","FML","11.30","11.08","11.30","11.30","11.30","0","11.30"
"2017-03-31","FML","11.30","11.08","11.30","11.30","11.30","100","11.30"
"2017-04-03","FML","11.30","11.08","11.30","11.30","11.30","0","11.30"
"2017-04-04","FML","11.30","11.08","11.30","11.30","11.30","0","11.30"
"2017-04-05","FML","11.30","11.08","11.30","11.30","11.30","0","11.30"
"2017-04-06","FML","11.30","11.08","11.30","11.30","11.30","11200","11.30"
"2017-04-07","FML","11.30","11.08","11.30","11.30","11.30","500","11.30"
"2017-04-10","FML","11.30","11.08","11.30","11.30","11.30","100","11.30"
"2017-04-11","FML","11.30","11.08","11.30","11.30","11.30","0","11.30"
"2017-04-12","FML","11.35","11.08","11.30","11.30","11.31","2500","11.35"
"2017-04-13","FML","11.35","11.08","11.31","11.31","11.31","84600","11.35"
"2017-04-18","FML","11.35","11.08","11.31","11.31","11.31","100","11.35"
"2017-04-19","FML","11.35","11.08","11.31","11.31","11.32","4600","11.32"
"2017-04-20","FML","11.35","11.08","11.32","11.32","11.31","12000","11.31"
"2017-04-21","FML","11.35","11.08","11.31","11.31","11.32","9300","11.32"
"2017-04-24","FML","11.35","11.08","11.32","11.32","11.32","18000","11.32"
"2017-04-25","FML","11.35","11.08","11.32","11.32","11.32","100","11.32"
"2017-04-26","FML","11.35","11.08","11.32","11.32","11.32","8400","11.32"
"2017-04-27","FML","11.35","11.08","11.32","11.32","11.32","200","11.32"
"2017-04-28","FML","11.35","11.08","11.32","11.32","11.32","200","11.32"
"2017-05-02","FML","11.35","11.08","11.32","11.32","11.32","5300","11.32"
"2017-05-03","FML","11.35","11.08","11.32","11.32","11.35","15100","11.35"
"2017-05-04","FML","11.35","11.08","11.35","11.35","11.35","1100","11.35"
"2017-05-05","FML","11.35","11.08","11.35","11.35","11.35","4500","11.35"
"2017-05-08","FML","11.35","11.08","11.35","11.35","11.35","0","11.35"
"2017-05-09","FML","11.35","11.08","11.35","11.35","11.35","1000","11.35"
"2017-05-10","FML","11.36","11.08","11.35","11.35","11.36","8800","11.36"
"2017-05-11","FML","11.36","11.08","11.36","11.36","11.36","12000","11.36"
"2017-05-12","FML","11.38","11.08","11.36","11.36","11.38","12000","11.38"
"2017-05-15","FML","11.38","11.08","11.38","11.36","11.50","1800","11.38"
"2017-05-16","FML","11.38","11.08","11.50","11.36","11.50","132200","11.38"
"2017-05-17","FML","11.38","11.08","11.50","11.36","11.50","3000","11.38"
"2017-05-18","FML","11.51","11.08","11.50","11.50","11.51","500","11.51"
"2017-05-19","FML","11.52","11.08","11.51","11.50","11.52","500","11.51"
"2017-05-22","FML","11.52","11.08","11.52","11.50","11.52","500","11.51"
"2017-05-23","FML","11.52","11.08","11.52","11.50","11.52","0","11.51"
"2017-05-24","FML","11.52","11.08","11.52","11.50","11.52","700","11.51"
"2017-05-26","FML","11.52","11.08","11.52","11.50","11.52","0","11.51"
"2017-05-29","FML","11.53","11.08","11.52","11.50","11.53","2000","11.51"
"2017-05-30","FML","11.53","11.08","11.53","11.50","11.53","200","11.51"
"2017-05-31","FML","11.53","11.08","11.53","11.50","11.53","1700","11.51"
"2017-06-01","FML","11.54","11.08","11.53","11.50","11.54","13300","11.54"
"2017-06-02","FML","11.54","11.08","11.54","11.50","11.54","0","11.54"
"2017-06-05","FML","11.54","11.08","11.54","11.50","11.54","0","11.54"
"2017-06-06","FML","11.55","11.08","11.54","11.54","11.55","14100","11.55"
"2017-06-07","FML","11.56","11.08","11.55","11.55","11.56","2800","11.56"
"2017-06-08","FML","11.57","11.08","11.56","11.55","11.57","11800","11.60"
"2017-06-09","FML","11.57","11.08","11.57","11.57","11.57","1400","11.60"
"2017-06-12","FML","11.60","11.08","11.57","11.57","11.59","700","11.59"
"2017-06-13","FML","11.60","11.08","11.59","11.59","11.60","1100","11.60"
"2017-06-14","FML","11.60","11.08","11.60","11.60","11.60","0","11.60"
"2017-06-15","FML","11.65","11.08","11.60","11.60","11.65","27000","11.70"
"2017-06-16","FML","11.70","11.08","11.65","11.65","11.70","900","11.70"
"2017-06-19","FML","11.70","11.08","11.70","11.65","11.71","2300","11.70"
"2017-06-20","FML","11.70","11.08","11.71","11.65","11.74","300","11.74"
"2017-06-21","FML","11.75","11.08","11.74","11.65","11.75","3100","11.75"
"2017-06-22","FML","11.75","11.08","11.75","11.65","11.75","900","11.75"
"2017-06-23","FML","11.75","11.08","11.75","11.65","11.75","0","11.75"
"2017-06-27","FML","11.75","11.08","11.75","11.65","11.77","384500","11.77"
"2017-06-28","FML","11.75","11.08","11.77","11.65","11.77","0","11.77"
"2017-06-29","FML","11.78","11.08","11.77","11.77","11.78","1300","11.78"
"2017-06-30","FML","11.82","11.08","11.78","11.78","11.82","800","11.82"
"2017-07-04","FML","11.82","11.08","11.82","11.78","11.82","0","11.82"
"2017-07-05","FML","11.88","11.08","11.82","11.82","11.86","1100","11.88"
"2017-07-06","FML","11.88","11.08","11.86","11.86","11.86","0","11.88"
"2017-07-07","FML","11.88","11.08","11.86","11.86","11.86","0","11.88"
"2017-07-10","FML","11.88","11.08","11.86","11.86","11.86","0","11.88"
"2017-07-11","FML","12.25","11.08","11.86","11.86","12.25","71100","12.00"
"2017-07-12","FML","12.25","11.08","12.25","12.25","12.25","100","12.00"
"2017-07-13","FML","12.25","11.08","12.25","12.25","12.25","0","12.00"
"2017-07-14","FML","12.28","11.08","12.25","12.25","12.28","1000","12.28"
"2017-07-17","FML","13.00","11.08","12.28","12.28","12.42","2500","13.00"
"2017-07-18","FML","13.02","11.08","12.42","12.42","12.84","1500","13.02"
"2017-07-19","FML","13.02","11.08","12.84","12.84","13.00","100","13.00"
"2017-07-20","FML","14.95","11.08","13.00","13.00","14.40","2200","13.21"
"2017-07-21","FML","14.95","11.08","14.40","13.00","14.70","700","14.70"
"2017-07-24","FML","14.95","11.08","14.70","14.70","14.79","1800","14.80"
"2017-07-25","FML","15.50","11.08","14.79","14.79","15.49","251600","15.50"
"2017-07-26","FML","16.00","11.08","15.49","15.49","16.00","1400","16.00"
"2017-07-27","FML","16.00","11.08","16.00","16.00","16.00","0","16.00"
"2017-07-28","FML","16.10","11.08","16.00","16.00","16.07","600","16.10"
"2017-07-31","FML","16.10","11.08","16.07","16.07","16.00","600","16.00"
"2017-08-01","FML","16.10","11.08","16.00","16.00","16.07","130100","16.07"
"2017-08-02","FML","16.10","11.08","16.07","16.07","16.07","6500","16.07"
"2017-08-03","FML","16.10","11.08","16.07","16.07","16.08","50800","16.08"
"2017-08-04","FML","16.10","11.08","16.08","16.08","16.08","1100","16.08"
"2017-08-07","FML","16.10","11.08","16.08","16.08","16.08","1500","16.08"
"2017-08-08","FML","16.10","11.08","16.08","16.08","16.10","100","16.10"
"2017-08-09","FML","16.10","11.08","16.10","16.10","16.10","0","16.10"
"2017-08-10","FML","16.10","11.08","16.10","16.10","16.10","0","16.10"
"2017-08-11","FML","16.10","11.08","16.10","16.10","16.10","0","16.10"
"2017-08-14","FML","16.13","11.08","16.10","16.10","16.13","1500","16.11"
"2017-08-15","FML","16.13","11.08","16.13","16.13","16.13","0","16.11"
"2017-08-16","FML","16.13","11.08","16.13","16.13","16.13","0","16.11"
"2017-08-17","FML","16.26","11.08","16.13","16.13","16.26","500","16.26"
"2017-08-18","FML","16.26","11.08","16.26","16.26","16.26","200","16.26"
"2017-08-21","FML","16.26","11.08","16.26","16.26","16.26","0","16.26"
"2017-08-22","FML","16.30","11.08","16.26","16.26","16.30","300","16.30"
"2017-08-23","FML","16.60","11.08","16.30","16.30","16.36","7400","16.60"
"2017-08-24","FML","17.00","11.08","16.36","16.36","17.00","2000","17.00"
"2017-08-25","FML","17.02","11.08","17.00","17.00","17.01","9200","17.02"
"2017-08-28","FML","17.02","11.08","17.01","17.01","17.01","100","17.02"
"2017-08-29","FML","17.02","11.08","17.01","17.01","17.02","1000","17.02"
"2017-08-30","FML","17.85","11.08","17.02","17.02","17.85","61600","17.85"
"2017-08-31","FML","18.00","11.08","17.85","17.85","18.00","46500","18.00"
"2017-09-04","FML","20.00","11.08","18.00","18.00","20.00","4900","20.00"
"2017-09-05","FML","20.00","11.08","20.00","20.00","20.00","21000","20.00"
"2017-09-06","FML","20.00","11.08","20.00","20.00","20.00","248800","20.00"
"2017-09-07","FML","20.00","11.08","20.00","20.00","20.00","4000","20.00"
"2017-09-08","FML","20.00","11.08","20.00","20.00","20.00","5300","20.00"
"2017-09-11","FML","20.00","11.08","20.00","20.00","20.00","1400","20.00"
"2017-09-12","FML","20.00","11.08","20.00","20.00","20.00","100","20.00"
"2017-09-13","FML","20.00","11.08","20.00","20.00","20.00","54100","20.00"
"2017-09-14","FML","20.00","11.08","20.00","20.00","20.00","17100","20.00"
"2017-09-15","FML","20.00","11.08","20.00","20.00","20.00","0","20.00"
"2017-09-18","FML","20.00","11.08","20.00","20.00","20.00","13000","20.00"
"2017-09-19","FML","20.00","11.08","20.00","20.00","20.00","100","20.00"
"2017-09-20","FML","20.00","11.08","20.00","20.00","20.00","0","20.00"
"2017-09-22","FML","20.00","11.08","20.00","20.00","19.90","300","19.90"
"2017-09-25","FML","20.00","11.08","19.90","19.90","19.90","0","19.90"
"2017-09-26","FML","20.00","11.08","19.90","19.90","19.90","0","19.90"
"2017-09-27","FML","20.00","11.08","19.90","19.90","19.90","0","19.90"
"2017-09-28","FML","20.00","11.08","19.90","19.90","19.90","0","19.90"
"2017-09-29","FML","20.00","11.08","19.90","19.90","19.80","5900","19.80"
"2017-10-02","FML","20.00","11.08","19.80","19.80","19.80","100","19.80"
"2017-10-03","FML","20.00","11.08","19.80","19.80","19.80","0","19.80"
"2017-10-04","FML","20.00","11.08","19.80","19.80","19.80","0","19.80"
"2017-10-05","FML","20.00","11.08","19.80","19.80","19.63","30000","19.70"
"2017-10-06","FML","20.00","11.08","19.63","19.63","19.63","0","19.70"
"2017-10-09","FML","20.00","11.08","19.63","19.63","19.50","800","19.70"
"2017-10-10","FML","20.00","11.08","19.50","19.50","19.49","100","19.49"
"2017-10-11","FML","20.00","11.08","19.49","19.49","19.49","0","19.49"
"2017-10-12","FML","20.00","11.08","19.49","19.49","19.40","25600","19.39"
"2017-10-13","FML","20.00","11.08","19.40","19.40","19.40","100","19.39"
"2017-10-16","FML","20.00","11.08","19.40","19.40","19.40","0","19.39"
"2017-10-17","FML","20.00","11.08","19.40","19.40","19.40","0","19.39"
"2017-10-18","FML","20.00","11.08","19.40","19.40","19.40","0","19.39"
"2017-10-19","FML","20.00","11.08","19.40","19.40","19.40","500","19.39"
"2017-10-20","FML","20.00","11.08","19.40","19.40","19.40","0","19.39"
"2017-10-23","FML","20.00","11.08","19.40","19.40","19.40","0","19.39"
"2017-10-24","FML","20.00","11.08","19.40","19.40","19.40","0","19.39"
"2017-10-25","FML","20.00","11.08","19.40","19.40","19.40","0","19.39"
"2017-10-26","FML","20.00","11.08","19.40","19.40","19.40","0","19.39"
"2017-10-27","FML","20.00","11.08","19.40","19.40","19.40","0","19.39"
"2017-10-30","FML","20.00","11.08","19.40","19.40","19.40","0","19.39"
"2017-10-31","FML","20.00","11.08","19.40","19.40","19.39","100","19.39"
"2017-11-01","FML","20.00","11.08","19.39","19.39","19.39","0","19.39"
"2017-11-02","FML","20.00","11.08","19.39","19.39","19.39","0","19.39"
"2017-11-03","FML","20.00","11.08","19.39","19.39","19.30","50200","19.29"
"2017-11-06","FML","20.00","11.08","19.30","19.30","19.28","200","19.28"
"2017-11-07","FML","20.00","11.08","19.28","19.28","19.28","0","19.28"
"2017-11-08","FML","20.00","11.08","19.28","19.28","19.28","0","19.28"
"2017-11-09","FML","20.00","11.08","19.28","19.28","19.28","0","19.28"
"2017-11-10","FML","20.00","11.08","19.28","19.28","19.28","0","19.28"
"2017-11-13","FML","20.00","11.08","19.28","19.28","19.28","0","19.28"
"2017-11-14","FML","20.00","11.08","19.28","19.28","19.28","0","19.28"
"2017-11-15","FML","20.00","11.08","19.28","19.28","19.28","0","19.28"
"2017-11-16","FML","20.00","11.08","19.28","19.28","19.28","0","19.28"
"2017-11-17","FML","20.00","11.08","19.28","19.28","19.28","0","19.28"
"2017-11-20","FML","20.00","11.08","19.28","19.28","19.28","0","19.28"
"2017-11-21","FML","20.00","11.08","19.28","19.28","19.28","0","19.28"
"2017-11-22","FML","20.00","11.08","19.28","19.28","19.13","700","19.10"
"2017-11-23","FML","20.00","11.08","19.13","19.13","19.00","6000","19.00"
"2017-11-24","FML","20.00","11.08","19.00","19.00","19.00","0","19.00"
"2017-11-27","FML","20.00","11.08","19.00","19.00","18.98","176000","18.00"
"2017-11-28","FML","20.00","11.08","18.98","18.98","18.98","0","18.00"
"2017-11-29","FML","20.00","11.08","18.98","18.98","18.00","76800","18.00"
"2017-11-30","FML","20.00","11.08","18.00","18.00","18.00","0","18.00"
"2017-12-04","FML","20.00","11.08","18.00","18.00","18.00","100","18.00"
"2017-12-05","FML","20.00","11.08","18.00","18.00","18.00","12200","18.00"
"2017-12-06","FML","20.00","11.08","18.00","18.00","18.00","0","18.00"
"2017-12-07","FML","20.00","11.08","18.00","18.00","18.00","0","18.00"
"2017-12-08","FML","20.00","11.08","18.00","18.00","18.00","0","18.00"
"2017-12-11","FML","20.00","11.08","18.00","18.00","18.00","500","18.00"
"2017-12-12","FML","20.00","11.08","18.00","18.00","17.99","45000","17.99"
"2017-12-13","FML","20.00","11.08","17.99","17.99","17.71","105500","17.70"
"2017-12-14","FML","20.00","11.08","17.71","17.71","17.71","0","17.70"
"2017-12-15","FML","20.00","11.08","17.71","17.71","17.71","0","17.70"
"2017-12-18","FML","20.00","11.08","17.71","17.71","17.71","900","17.70"
"2017-12-19","FML","20.00","11.08","17.71","17.71","17.71","100","17.70"
"2017-12-20","FML","20.00","11.08","17.71","17.71","17.71","3000","17.70"
"2017-12-21","FML","20.00","11.08","17.71","17.71","17.71","0","17.70"
"2017-12-21","FML","20.00","11.08","17.71","17.71","17.71","0","17.70"
"2017-12-27","FML","20.00","11.08","17.71","17.71","17.71","20200","17.70"
"2017-12-28","FML","20.00","11.08","17.71","17.71","17.71","1000","17.70"
"2017-12-29","FML","20.00","11.08","17.71","17.71","17.70","38100","17.70"
"2018-01-02","FML","17.70","17.70","17.70","17.70","17.70","1200","17.70"
"2018-01-03","FML","17.70","17.70","17.70","17.70","17.70","6500","17.70"
"2018-01-04","FML","17.70","17.70","17.70","17.70","17.70","0","17.70"
"2018-01-05","FML","17.70","17.70","17.70","17.70","17.70","100","17.70"
"2018-01-08","FML","17.80","17.70","17.70","17.70","17.80","3300","17.80"
"2018-01-09","FML","17.80","17.70","17.80","17.80","17.80","111500","17.80"
"2018-01-10","FML","17.80","17.70","17.80","17.80","17.80","5500","17.80"
"2018-01-11","FML","17.80","17.70","17.80","17.80","17.80","100","17.80"
"2018-01-12","FML","17.80","17.70","17.80","17.80","17.70","600","17.70"
"2018-01-15","FML","17.80","17.70","17.70","17.70","17.80","45700","17.80"
"2018-01-16","FML","17.80","17.70","17.80","17.80","17.80","56100","17.80"
"2018-01-17","FML","17.80","17.70","17.80","17.80","17.79","26400","17.80"
"2018-01-18","FML","17.80","17.70","17.79","17.80","17.79","0","17.80"
"2018-01-19","FML","17.80","17.70","17.79","17.80","17.70","36800","17.80"
"2018-01-22","FML","17.80","17.70","17.70","17.80","17.70","79300","17.80"
"2018-01-23","FML","17.80","17.70","17.70","17.80","17.70","303900","17.80"
"2018-01-24","FML","17.80","17.70","17.70","17.80","17.70","3400","17.80"
"2018-01-25","FML","17.80","17.70","17.70","17.70","17.70","1200","17.80"
"2018-01-26","FML","17.80","17.69","17.70","17.70","17.69","4700","17.69"
"2018-01-29","FML","17.80","17.69","17.69","17.69","17.69","0","17.69"
"2018-01-30","FML","17.80","17.69","17.69","17.69","17.69","100","17.69"
"2018-01-31","FML","17.80","17.69","17.69","17.69","17.69","0","17.69"
"2018-02-01","FML","17.80","17.60","17.69","17.69","17.60","1100","17.60"
"2018-02-02","FML","17.80","16.50","17.60","17.60","16.50","11300","16.50"
"2018-02-05","FML","17.80","16.50","16.50","16.50","16.50","18600","16.50"
"2018-02-06","FML","17.80","16.50","16.50","16.50","16.50","0","16.50"
"2018-02-07","FML","17.80","16.50","16.50","16.50","16.50","0","16.50"
"2018-02-08","FML","17.80","16.50","16.50","16.50","16.50","0","16.50"
"2018-02-09","FML","17.80","16.50","16.50","16.50","16.50","0","16.50"
"2018-02-12","FML","17.80","16.50","16.50","16.50","16.50","1700","16.50"
"2018-02-13","FML","17.80","16.50","16.50","16.50","17.65","85600","17.59"
"2018-02-14","FML","17.80","16.50","17.65","17.65","17.65","0","17.59"
"2018-02-15","FML","17.80","16.50","17.65","17.65","17.65","83400","17.59"
"2018-02-16","FML","17.80","16.50","17.65","17.65","17.64","100","17.64"
"2018-02-19","FML","17.80","16.50","17.64","17.64","17.60","74300","17.60"
"2018-02-20","FML","17.80","16.50","17.60","17.60","17.60","2400","17.60"
"2018-02-21","FML","17.80","16.50","17.60","17.60","17.60","0","17.60"
"2018-02-22","FML","17.80","16.50","17.60","17.60","17.59","5800","17.50"
"2018-02-23","FML","17.80","16.50","17.59","17.59","17.58","30600","17.58"
"2018-02-26","FML","17.80","16.50","17.58","17.58","17.59","2300","17.59"
"2018-02-27","FML","17.80","16.50","17.59","17.59","17.59","0","17.59"
"2018-02-28","FML","17.80","16.50","17.59","17.59","17.58","21100","17.58"
"2018-03-01","FML","17.80","16.50","17.58","17.58","17.58","0","17.58"
"2018-03-02","FML","17.80","16.50","17.58","17.58","17.58","34300","17.58"
"2018-03-05","FML","17.80","16.50","17.58","17.58","17.58","1000","17.58"
"2018-03-07","FML","17.80","16.50","17.58","17.58","17.58","0","17.58"
"2018-03-08","FML","17.80","16.50","17.58","17.58","17.58","400","17.58"
"2018-03-09","FML","17.80","16.50","17.58","17.58","17.58","0","17.58"
"2018-03-12","FML","17.80","16.50","17.58","17.58","17.58","0","17.58"
"2018-03-13","FML","17.80","16.50","17.58","17.58","17.50","15300","17.50"
"2018-03-14","FML","17.80","16.50","17.50","17.50","17.52","17300","17.50"
"2018-03-15","FML","17.80","16.50","17.52","17.52","17.52","1400","17.50"
"2018-03-16","FML","17.80","16.50","17.52","17.52","17.52","30700","17.50"
"2018-03-19","FML","17.80","16.50","17.52","17.52","17.50","100","17.50"
"2018-03-20","FML","17.80","16.50","17.50","17.50","17.50","0","17.50"
"2018-03-21","FML","17.80","16.50","17.50","17.50","17.49","19400","17.49"
"2018-03-22","FML","17.80","16.50","17.49","17.49","17.49","0","17.49"
"2018-03-23","FML","17.80","16.50","17.49","17.49","17.48","59400","17.48"
"2018-03-26","FML","17.80","16.50","17.48","17.48","17.48","0","17.48"
"2018-03-27","FML","17.80","16.50","17.48","17.48","17.48","0","17.48"
"2018-03-28","FML","17.80","16.50","17.48","17.48","17.46","300","17.45"
"2018-03-29","FML","17.80","16.50","17.46","17.48","17.46","500","17.45"
"2018-04-03","FML","17.80","16.50","17.46","17.46","17.46","0","17.45"
"2018-04-04","FML","17.80","16.50","17.46","17.46","17.46","100","17.45"
"2018-04-05","FML","17.80","16.50","17.46","17.46","17.46","0","17.45"
"2018-04-06","FML","17.80","16.50","17.46","17.46","17.46","200","17.45"
"2018-04-09","FML","17.80","16.50","17.46","17.46","17.46","0","17.45"
"2018-04-10","FML","17.80","16.50","17.46","17.46","17.40","2600","17.40"
"2018-04-11","FML","17.80","16.50","17.40","17.40","17.27","300","17.25"
"2018-04-12","FML","17.80","16.50","17.27","17.27","17.22","1500","17.22"
"2018-04-13","FML","17.80","16.50","17.22","17.22","17.24","27200","17.25"
"2018-04-16","FML","17.80","16.50","17.24","17.24","17.24","0","17.25"
"2018-04-17","FML","17.80","16.50","17.24","17.24","17.24","0","17.25"
"2018-04-18","FML","17.80","16.50","17.24","17.24","17.24","0","17.25"
"2018-04-19","FML","17.80","16.50","17.24","17.24","17.60","92100","17.24"
"2018-04-20","FML","17.80","16.50","17.60","17.60","17.60","112600","17.24"
"2018-04-23","FML","17.80","16.50","17.60","17.60","17.60","0","17.24"
"2018-04-24","FML","17.80","16.50","17.60","17.60","17.60","0","17.24"
"2018-04-25","FML","17.80","16.50","17.60","17.60","17.60","0","17.24"
"2018-04-26","FML","17.80","16.50","17.60","17.60","17.60","0","17.24"
"2018-04-27","FML","17.80","16.50","17.60","17.60","17.60","0","17.24"
"2018-04-30","FML","17.80","16.50","17.60","17.60","17.60","0","17.24"
"2018-05-02","FML","17.80","16.50","17.60","17.60","17.49","1300","17.49"
"2018-05-03","FML","17.80","16.50","17.49","17.49","17.47","132900","17.43"
"2018-05-04","FML","17.80","16.50","17.47","17.47","17.39","58400","17.39"
"2018-05-07","FML","17.80","16.50","17.39","17.39","17.39","0","17.39"
"2018-05-08","FML","17.80","16.50","17.39","17.39","17.39","0","17.39"
"2018-05-09","FML","17.80","16.50","17.39","17.39","17.39","0","17.39"
"2018-05-10","FML","17.80","16.50","17.39","17.39","17.38","400","17.38"
"2018-05-11","FML","17.80","16.50","17.38","17.38","17.38","0","17.38"
"2018-05-14","FML","17.80","16.50","17.38","17.38","17.38","0","17.38"
"2018-05-15","FML","17.80","16.50","17.38","17.38","17.30","11300","17.30"
"2018-05-16","FML","17.80","16.50","17.30","17.30","17.30","3600","17.30"
"2018-05-17","FML","17.80","16.50","17.30","17.30","17.00","300","17.00"
"2018-05-18","FML","17.80","16.40","17.00","17.00","16.47","300","16.40"
"2018-05-21","FML","17.80","16.40","16.47","16.47","16.47","0","16.40"
"2018-05-22","FML","17.80","16.40","16.47","16.47","16.47","0","16.40"
"2018-05-23","FML","17.80","16.40","16.47","16.47","16.47","0","16.40"
"2018-05-24","FML","17.80","16.40","16.47","16.47","16.47","100","16.40"
"2018-05-28","FML","17.80","16.40","16.47","16.47","16.47","0","16.40"
"2018-05-29","FML","17.80","16.40","16.47","16.47","16.47","0","16.40"
"2018-05-30","FML","17.80","16.40","16.47","16.47","16.46","37700","16.46"
"2018-05-31","FML","17.80","16.40","16.46","16.46","16.46","0","16.46"
"2018-06-01","FML","17.80","16.40","16.46","16.46","16.46","0","16.46"
"2018-06-04","FML","17.80","16.29","16.46","16.46","16.29","18000","16.29"
"2018-06-05","FML","17.80","14.00","16.29","16.29","14.00","8400","14.00"
"2018-06-06","FML","17.80","13.99","14.00","14.00","13.99","8400","14.00"
"2018-06-07","FML","17.80","13.80","13.99","13.99","13.80","39700","13.80"
"2018-06-08","FML","17.80","13.80","13.80","13.80","13.80","456800","13.80"
"2018-06-11","FML","17.80","13.80","13.80","13.80","13.80","600","13.80"
"2018-06-12","FML","17.80","13.80","13.80","13.80","13.80","600","13.80"
"2018-06-13","FML","17.80","13.70","13.80","13.80","13.70","700","13.70"
"2018-06-14","FML","17.80","13.70","13.70","13.70","13.70","2500","13.70"
"2018-06-18","FML","17.80","13.70","13.70","13.70","13.70","0","13.70"
"2018-06-19","FML","17.80","13.70","13.70","13.70","13.70","0","13.70"
"2018-06-20","FML","17.80","13.70","13.70","13.70","13.70","0","13.70"
"2018-06-21","FML","17.80","13.70","13.70","13.70","13.70","99500","13.70"
"2018-06-22","FML","17.80","13.70","13.70","13.70","13.70","100","13.70"
"2018-06-25","FML","17.80","13.70","13.70","13.70","13.70","3600","13.70"
"2018-06-26","FML","17.80","13.70","13.70","13.70","13.70","200","13.70"
"2018-06-27","FML","17.80","13.70","13.70","13.70","13.70","300","13.70"
"2018-06-28","FML","17.80","13.70","13.70","13.70","13.70","0","13.70"
"2018-06-29","FML","17.80","13.70","13.70","13.70","13.70","9300","13.70"
"2018-07-03","FML","17.80","13.70","13.70","13.70","13.70","100","13.70"
"2018-07-04","FML","17.80","13.70","13.70","13.70","13.70","400","13.70"
"2018-07-05","FML","17.80","13.69","13.70","13.70","13.69","600","13.69"
"2018-07-06","FML","17.80","13.69","13.69","13.69","13.69","0","13.69"
"2018-07-09","FML","17.80","13.69","13.69","13.69","13.69","0","13.69"
"2018-07-10","FML","17.80","13.69","13.69","13.69","13.69","0","13.69"
"2018-07-11","FML","17.80","13.69","13.69","13.69","13.69","0","13.69"
"2018-07-12","FML","17.80","13.69","13.69","13.69","13.69","1800","13.69"
"2018-07-13","FML","17.80","13.69","13.69","13.69","13.69","0","13.69"
"2018-07-16","FML","17.80","13.68","13.69","13.69","13.68","100","13.68"
"2018-07-17","FML","17.80","13.68","13.68","13.68","13.78","130000","13.80"
"2018-07-18","FML","17.80","13.68","13.78","13.78","13.78","0","13.80"
"2018-07-19","FML","17.80","13.68","13.78","13.78","13.78","200","13.80"
"2018-07-20","FML","17.80","13.68","13.78","13.78","13.78","100","13.80"
"2018-07-23","FML","17.80","13.68","13.78","13.78","13.78","0","13.80"
"2018-07-24","FML","17.80","13.68","13.78","13.78","13.78","0","13.80"
"2018-07-25","FML","17.80","13.68","13.78","13.78","13.75","7200","13.78"
"2018-07-26","FML","17.80","13.68","13.75","13.75","13.76","2100","13.76"
"2018-07-27","FML","17.80","13.68","13.76","13.76","13.76","0","13.76"
"2018-07-30","FML","17.80","13.68","13.76","13.76","13.76","1500","13.76"
"2018-07-31","FML","17.80","13.68","13.76","13.76","13.76","0","13.76"
"2018-08-01","FML","17.80","13.68","13.76","13.76","13.76","5000","13.76"
"2018-08-02","FML","17.80","13.68","13.76","13.76","13.76","3000","13.76"
"2018-08-03","FML","17.80","13.68","13.76","13.76","13.76","0","13.76"
"2018-08-06","FML","17.80","13.68","13.76","13.76","13.76","3600","13.76"
"2018-08-07","FML","17.80","13.68","13.76","13.76","13.76","8200","13.76"
"2018-08-08","FML","17.80","13.68","13.76","13.76","13.76","0","13.76"
"2018-08-09","FML","17.80","13.68","13.76","13.76","13.76","0","13.76"
"2018-08-10","FML","17.80","13.68","13.76","13.76","13.76","14100","13.76"
"2018-08-13","FML","17.80","13.68","13.76","13.76","13.76","1100","13.76"
"2018-08-14","FML","17.80","13.68","13.76","13.76","13.70","200","13.70"
"2018-08-15","FML","17.80","13.68","13.70","13.70","13.70","0","13.70"
"2018-08-16","FML","17.80","13.68","13.70","13.70","13.70","460000","13.70"
"2018-08-17","FML","17.80","13.68","13.70","13.70","13.70","2200","13.70"
"2018-08-20","FML","17.80","13.68","13.70","13.70","13.70","0","13.70"
"2018-08-22","FML","17.80","13.68","13.70","13.70","13.70","1000","13.70"
"2018-08-23","FML","17.80","13.60","13.70","13.70","13.60","150000","13.60"
"2018-08-24","FML","17.80","13.60","13.60","13.60","13.60","0","13.60"
"2018-08-27","FML","17.80","13.60","13.60","13.60","13.60","100","13.60"
"2018-08-28","FML","17.80","13.60","13.60","13.60","13.60","71700","13.60"
"2018-08-29","FML","17.80","13.60","13.60","13.60","13.60","0","13.60"
"2018-08-30","FML","17.80","13.58","13.60","13.60","13.58","1600","13.57"
"2018-08-31","FML","17.80","13.40","13.58","13.58","13.40","300","13.40"
"2018-09-03","FML","17.80","13.40","13.40","13.40","13.40","0","13.40"
"2018-09-04","FML","17.80","13.40","13.40","13.40","13.40","0","13.40"
"2018-09-05","FML","17.80","13.40","13.40","13.40","13.40","0","13.40"
"2018-09-06","FML","17.80","13.40","13.40","13.40","13.40","0","13.40"
"2018-09-07","FML","17.80","13.40","13.40","13.40","13.40","0","13.40"
"2018-09-10","FML","17.80","13.40","13.40","13.40","13.40","0","13.40"
"2018-09-11","FML","17.80","13.40","13.40","13.40","13.40","0","13.40"
"2018-09-12","FML","17.80","13.40","13.40","13.40","13.40","0","13.40"
"2018-09-13","FML","17.80","13.40","13.40","13.40","13.40","0","13.40"
"2018-09-14","FML","17.80","13.35","13.40","13.40","13.35","327200","13.35"
"2018-09-17","FML","17.80","13.35","13.35","13.35","13.35","0","13.35"
"2018-09-18","FML","17.80","13.35","13.35","13.35","13.35","0","13.35"
"2018-09-19","FML","17.80","13.00","13.35","13.35","13.00","300","13.00"
"2018-09-20","FML","17.80","13.00","13.00","13.00","13.00","0","13.00"
"2018-09-24","FML","17.80","13.00","13.00","13.00","13.00","0","13.00"
"2018-09-25","FML","17.80","12.68","13.00","13.00","12.68","200","12.68"
"2018-09-26","FML","17.80","12.68","12.68","12.68","12.34","200","12.34"
"2018-09-27","FML","17.80","12.30","12.34","12.34","12.30","225500","12.28"
"2018-09-28","FML","17.80","12.30","12.30","12.30","12.30","0","12.28"
"2018-10-01","FML","17.80","12.30","12.30","12.30","12.30","0","12.28"
"2018-10-02","FML","17.80","12.30","12.30","12.30","12.30","0","12.28"
"2018-10-03","FML","17.80","12.30","12.30","12.30","12.30","100","12.28"
"2018-10-04","FML","17.80","12.30","12.30","12.30","12.30","0","12.28"
"2018-10-05","FML","17.80","12.30","12.30","12.30","12.30","0","12.28"
"2018-10-08","FML","17.80","12.30","12.30","12.30","12.30","0","12.28"
"2018-10-09","FML","17.80","12.30","12.30","12.30","12.30","0","12.28"
"2018-10-10","FML","17.80","12.30","12.30","12.30","12.30","0","12.28"
"2018-10-11","FML","17.80","12.30","12.30","12.30","12.30","52000","12.28"
"2018-10-12","FML","17.80","12.30","12.30","12.30","12.30","0","12.28"
"2018-10-15","FML","17.80","12.30","12.30","12.30","12.30","0","12.28"
"2018-10-16","FML","17.80","12.30","12.30","12.30","12.30","0","12.28"
"2018-10-17","FML","17.80","12.30","12.30","12.30","12.30","0","12.28"
"2018-10-18","FML","17.80","12.30","12.30","12.30","12.30","0","12.28"
"2018-10-19","FML","17.80","12.30","12.30","12.30","12.30","0","12.28"
"2018-10-22","FML","17.80","12.30","12.30","12.30","12.30","0","12.28"
"2018-10-23","FML","17.80","12.10","12.30","12.30","12.10","1000","12.10"
"2018-10-24","FML","17.80","12.10","12.10","12.10","12.20","260200","12.20"
"2018-10-24","FML","17.80","12.10","12.20","12.20","12.20","0","12.20"
"2018-10-26","FML","17.80","12.00","12.20","12.20","12.00","200100","12.00"
"2018-10-29","FML","17.80","11.00","12.00","12.00","11.00","800","11.00"
"2018-10-30","FML","17.80","11.00","11.00","11.00","11.00","0","11.00"
"2018-10-31","FML","17.80","11.00","11.00","11.00","11.00","491200","11.00"
"2018-11-01","FML","17.80","11.00","11.00","11.00","11.00","0","11.00"
"2018-11-02","FML","17.80","11.00","11.00","11.00","11.00","0","11.00"
"2018-11-05","FML","17.80","11.00","11.00","11.00","11.00","0","11.00"
"2018-11-06","FML","17.80","10.00","11.00","11.00","10.00","3200","10.00"
"2018-11-07","FML","17.80","10.00","10.00","10.00","10.00","0","10.00"
"2018-11-08","FML","17.80","10.00","10.00","10.00","10.00","0","10.00"
"2018-11-09","FML","17.80","10.00","10.00","10.00","10.50","100","10.50"
"2018-11-12","FML","17.80","10.00","10.50","10.50","10.50","0","10.50"
"2018-11-13","FML","17.80","10.00","10.50","10.50","10.36","175000","10.35"
"2018-11-14","FML","17.80","10.00","10.36","10.36","10.35","180000","10.35"
"2018-11-15","FML","17.80","10.00","10.35","10.35","10.00","500","10.00"
"2018-11-16","FML","17.80","9.96","10.00","10.00","9.96","154900","9.00"
"2018-11-19","FML","17.8","9","9.96","9.96","9","4,000","9"
"2018-11-20","FML","17.8","9","9","9","9.23","521,300","9.17"
"2018-11-21","FML","17.8","9","9.23","9.23","9","75,200","9"
"2018-11-22","FML","17.8","8.88","9","9","8.88","500","8.8"
"2018-11-23","FML","17.8","8.88","8.88","8.88","8.88","0","8.8"
"2018-11-26","FML","17.8","8.88","8.88","8.88","8.88","0","8.8"
"2018-11-27","FML","17.8","8.88","8.88","8.88","8.88","0","8.8"
"2018-11-28","FML","17.8","8.8","8.88","8.88","8.8","200","8.8"
"2018-11-29","FML","17.8","8.8","8.8","8.8","8.8","0","8.8"
"2018-11-30","FML","17.8","8.8","8.8","8.8","8.8","700","8.8"
"2018-12-03","FML","17.8","8.8","8.8","8.8","8.8","0","8.8"
"2018-12-04","FML","17.8","8.8","8.8","8.8","8.8","0","8.8"
"2018-12-05","FML","17.8","8.8","8.8","8.8","8.8","0","8.8"
"2018-12-06","FML","17.8","8.8","8.8","8.8","8.8","300","8.8"
"2018-12-10","FML","17.8","8.8","8.8","8.8","8.8","5,000","8.8"
"2018-12-11","FML","17.8","8.8","8.8","8.8","8.8","4,900","8.8"
"2018-12-12","FML","17.8","8.8","8.8","8.8","8.8","300","8.8"
"2018-12-13","FML","17.8","8.8","8.8","8.8","8.8","0","8.8"
"2018-12-14","FML","17.8","8.72","8.8","8.8","8.72","39,900","8.7"
"2018-12-17","FML","17.8","8","8.72","8.72","8","1,300","8"
"2018-12-18","FML","17.8","8","8","8","8","100","8"
"2018-12-19","FML","17.8","7.99","8","8","7.99","19,100","7.99"
"2018-12-20","FML","17.8","7.99","7.99","7.99","8","100","8"
"2018-12-21","FML","17.8","7.99","8","8","8","27,200","8"
"2018-12-24","FML","17.8","7.99","8","8","8","0","8"
"2018-12-27","FML","17.8","7.99","8","8","8","79,300","8"
"2018-12-28","FML","17.8","7.99","8","8","8","0","8"
"2018-12-31","FML","17.8","7.99","8","8","8","0","8"
"2019-01-02","FML","8","8","8","8","8","0","8"
"2019-01-03","FML","8","8","8","8","8","0","8"
"2019-01-04","FML","8","8","8","8","8","0","8"
"2019-01-08","FML","8","8","8","8","8","0","8"
"2019-01-09","FML","8.01","8","8","8","8.01","10,400","8.01"
"2019-01-10","FML","8.01","8","8.01","8.01","8.01","600","8.01"
"2019-01-11","FML","8.01","8","8.01","8.01","8","16,900","8"
"2019-01-14","FML","8.01","8","8","8","8","300","8"
"2019-01-15","FML","8.01","8","8","8","8","25,100","8"
"2019-01-16","FML","8.01","8","8","8","8","0","8"
"2019-01-17","FML","8.01","8","8","8","8","0","8"
"2019-01-18","FML","8.01","8","8","8","8","4,600","8"
"2019-01-21","FML","8.01","8","8","8","8","100","8"
"2019-01-22","FML","8.01","8","8","8","8","200","8"
"2019-01-23","FML","8.01","8","8","8","8","5,900","8"
"2019-01-24","FML","8.01","8","8","8","8","0","8"
"2019-01-25","FML","8.01","8","8","8","8","3,800","8"
"2019-01-28","FML","8.01","8","8","8","8","0","8"
"2019-01-29","FML","8.01","8","8","8","8","0","8"
"2019-01-30","FML","8.01","8","8","8","8","4,100","7.99"
"2019-01-31","FML","8.01","8","8","8","8","29,900","8"
"2019-02-01","FML","8.01","8","8","8","8","0","8"
"2019-02-04","FML","8.01","8","8","8","8","0","8"
"2019-02-05","FML","8.01","8","8","8","8","0","8"
"2019-02-06","FML","8.01","8","8","8","8","2,100","8"
"2019-02-07","FML","8.01","8","8","8","8","1,100","8"
"2019-02-08","FML","8.01","8","8","8","8","0","8"
"2019-02-11","FML","8.01","8","8","8","8","100","8"
"2019-02-12","FML","8.01","8","8","8","8","100","8"
"2019-02-13","FML","8.01","8","8","8","8","0","8"
"2019-02-14","FML","8.01","8","8","8","8","0","8"
"2019-02-15","FML","8.01","8","8","8","8","0","8"
"2019-02-18","FML","8.01","8","8","8","8","0","8"
"2019-02-19","FML","8.01","8","8","8","8","0","8"
"2019-02-20","FML","8.01","8","8","8","8","0","8"
"2019-02-21","FML","8.01","8","8","8","8","1,500","8"
"2019-02-22","FML","8.01","8","8","8","8","0","8"
"2019-02-25","FML","8.01","8","8","8","8","0","8"
"2019-02-26","FML","8.01","8","8","8","8","0","8"
"2019-02-27","FML","8.01","8","8","8","8","1,389,300","8"
"2019-02-28","FML","8.01","8","8","8","8","0","8"
"2019-03-01","FML","8.01","8","8","8","8","600","8"
"2019-03-04","FML","8.01","8","8","8","8","400","8"
"2019-03-05","FML","8.01","8","8","8","8","1,000","8"
"2019-03-07","FML","8.01","8","8","8","8","0","8"
"2019-03-08","FML","8.01","8","8","8","8","0","8"
"2019-03-11","FML","8.01","8","8","8","8","14,000","8"
"2019-03-12","FML","8.01","8","8","8","8","0","8"
"2019-03-13","FML","8.01","8","8","8","8","0","8"
"2019-03-14","FML","8.01","8","8","8","8","0","8"
"2019-03-15","FML","8.01","8","8","8","8","0","8"
"2019-03-18","FML","8.01","8","8","8","8","0","8"
"2019-03-19","FML","8.01","8","8","8","8","6,600","8"
"2019-03-20","FML","8.01","8","8","8","8","0","8"
"2019-03-21","FML","8.01","8","8","8","8","0","8"
"2019-03-22","FML","8.01","8","8","8","8","0","8"
"2019-03-25","FML","8.01","8","8","8","8","100","8"
"2019-03-26","FML","8.01","8","8","8","8","1,100","8"
"2019-03-27","FML","8.01","8","8","8","8","400","8"
"2019-03-28","FML","8.01","8","8","8","8","0","8"
"2019-03-29","FML","8.01","8","8","8","8","0","8"
"2019-04-01","FML","8.01","8","8","8","8","0","8"
"2019-04-02","FML","8.01","8","8","8","8","800","8"
"2019-04-03","FML","8.01","8","8","8","8","0","8"
"2019-04-04","FML","8.01","8","8","8","8","100","8"
"2019-04-05","FML","8.01","8","8","8","8","0","8"
"2019-04-08","FML","8.01","8","8","8","8","0","8"
"2019-04-09","FML","8.01","8","8","8","8","300","8"
"2019-04-10","FML","8.01","8","8","8","8","0","8"
"2019-04-11","FML","8.01","8","8","8","8","0","8"
"2019-04-12","FML","8.01","8","8","8","8","0","8"
"2019-04-15","FML","8.01","8","8","8","8","0","8"
"2019-04-16","FML","8.01","8","8","8","8","0","8"
"2019-04-17","FML","8.01","8","8","8","8","200","8"
"2019-04-18","FML","8.01","7.8","8","8","7.8","200","7.8"
"2019-04-23","FML","8.01","7.8","7.8","7.8","7.8","500","7.8"
"2019-04-24","FML","8.01","7.8","7.8","7.8","8","2,000","8"
"2019-04-25","FML","8.01","7.8","8","8","8","0","8"
"2019-04-26","FML","8.01","7.8","8","8","8","0","8"
"2019-04-29","FML","8.01","7.8","8","8","8","0","8"
"2019-04-30","FML","8.01","7.8","8","8","8","0","8"
"2019-05-02","FML","8.01","7.8","8","8","8","0","8"
"2019-05-03","FML","8.01","7.8","8","8","8","0","8"
"2019-05-06","FML","8.01","7.8","8","8","8","0","8"
"2019-05-07","FML","8.01","7.8","8","8","8","0","8"
"2019-05-08","FML","8.01","7.8","8","8","8","0","8"
"2019-05-09","FML","8.01","7.8","8","8","8","0","8"
"2019-05-10","FML","8.01","7.8","8","8","8","4,800","8"
"2019-05-13","FML","8.01","7.8","8","8","8","0","8"
"2019-05-14","FML","8.01","7.8","8","8","8","100","8"
"2019-05-15","FML","8.01","7.8","8","8","8","0","8"
"2019-05-16","FML","8.01","7.8","8","8","8","0","8"
"2019-05-17","FML","8.01","7.8","8","8","8","0","8"
"2019-05-20","FML","8.01","7.8","8","8","8","0","8"
"2019-05-21","FML","8.01","7.8","8","8","8","0","8"
"2019-05-22","FML","8.01","7.8","8","8","8","1,200","8"
"2019-05-23","FML","8.01","7.8","8","8","8","0","8"
"2019-05-24","FML","8.01","7.8","8","8","8","200","8"
"2019-05-27","FML","8.01","7.8","8","8","8","0","8"
"2019-05-28","FML","8.01","7.8","8","8","8","0","8"
"2019-05-29","FML","8.01","7.8","8","8","8","0","8"
"2019-05-30","FML","8.01","7.8","8","8","8","0","8"
"2019-05-31","FML","8.01","7.8","8","8","8","0","8"
"2019-06-03","FML","8.01","7.5","8","8","7.5","57,000","7.5"
"2019-06-04","FML","8.01","7.5","7.5","7.5","7.5","0","7.5"
"2019-06-06","FML","8.01","7.5","7.5","7.5","7.5","100","7.5"
"2019-06-07","FML","8.01","7.5","7.5","7.5","7.5","0","7.5"
"2019-06-10","FML","8.01","7","7.5","7.5","7","500","7"
"2019-06-11","FML","8.01","7","7","7","7","0","7"
"2019-06-12","FML","8.01","7","7","7","7","0","7"
"2019-06-13","FML","8.01","7","7","7","7","0","7"
"2019-06-14","FML","8.01","7","7","7","7","0","7"
"2019-06-17","FML","8.01","7","7","7","7","0","7"
"2019-06-18","FML","8.01","7","7","7","7","0","7"
"2019-06-19","FML","8.01","6.99","7","7","6.99","200","6.99"
"2019-06-20","FML","8.01","6.99","6.99","6.99","6.99","0","6.99"
"2019-06-21","FML","8.01","6.5","6.99","6.99","6.5","300","6.5"
"2019-06-24","FML","8.01","6.47","6.5","6.5","6.47","100","6.47"
"2019-06-25","FML","8.01","5.81","6.47","6.47","5.81","2,400","5.5"
"2019-06-26","FML","8.01","5","5.81","5.81","5","12,800","5"
"2019-06-27","FML","8.01","5","5","5","5","0","5"
"2019-06-28","FML","8.01","5","5","5","5","0","5"
"2019-07-01","FML","8.01","5","5","5","5","100","5"
"2019-07-02","FML","8.01","4.92","5","5","4.92","2,300","4.9"
"2019-07-03","FML","8.01","4.92","4.92","4.92","4.93","300","4.92"
"2019-07-04","FML","8.01","4.92","4.93","4.93","4.93","0","4.92"
"2019-07-05","FML","8.01","4.92","4.93","4.93","4.93","0","4.92"
"2019-07-08","FML","8.01","4.75","4.93","4.93","4.75","295,000","4.75"
"2019-07-09","FML","8.01","4.75","4.75","4.75","4.75","0","4.75"
"2019-07-10","FML","8.01","4.75","4.75","4.75","4.75","700","4.75"
"2019-07-11","FML","8.01","4.5","4.75","4.75","4.5","574,100","4.5"
"2019-07-12","FML","8.01","4.5","4.5","4.5","4.51","3,600","4.51"
"2019-07-15","FML","8.01","4.5","4.51","4.51","4.55","5,500","4.55"
"2019-07-16","FML","8.01","4.5","4.55","4.55","4.55","2,500","4.55"
"2019-07-17","FML","8.01","4.5","4.55","4.55","4.55","2,200","4.55"
"2019-07-18","FML","8.01","4.48","4.55","4.55","4.48","","4.45"
"2019-07-19","FML","8.01","4.48","4.48","4.48","4.48","0","4.45"
"2019-07-22","FML","8.01","4.48","4.48","4.48","4.48","100","4.48"
"2019-07-23","FML","8.01","4.48","4.48","4.48","4.48","2,700","4.48"
"2019-07-24","FML","8.01","4.48","4.48","4.48","4.55","1,300","4.55"
"2019-07-25","FML","8.01","4.48","4.55","4.55","4.55","0","4.55"
"2019-07-26","FML","8.01","4.48","4.55","4.55","4.55","3,700","4.55"
"2019-07-29","FML","8.01","4.48","4.55","4.55","4.55","1,800","4.55"
"2019-07-30","FML","8.01","4.48","4.55","4.55","4.55","0","4.55"
"2019-07-31","FML","8.01","4.48","4.55","4.55","4.59","6,200","4.59"
"2019-08-01","FML","8.01","4.48","4.59","4.59","4.73","50,600","4.7"
"2019-08-02","FML","8.01","4.48","4.73","4.73","4.73","145,800","4.75"
"2019-08-06","FML","8.01","4.48","4.73","4.73","4.75","300","4.75"
"2019-08-07","FML","8.01","4.48","4.75","4.75","4.75","0","4.75"
"2019-08-08","FML","8.01","4.48","4.75","4.75","4.85","100","4.85"
"2019-08-09","FML","8.01","4.48","4.85","4.85","4.85","0","4.85"
"2019-08-13","FML","8.01","4.48","4.85","4.85","5.55","100","5.55"
"2019-08-14","FML","8.01","4.48","5.55","5.55","5.55","2,300","5.55"
"2019-08-15","FML","8.01","4.48","5.55","5.55","5.55","100","5.55"
"2019-08-16","FML","8.01","4.48","5.55","5.55","5.55","100","5.55"
"2019-08-19","FML","8.01","4.48","5.55","5.55","5.52","5,900","5.5"
"2019-08-20","FML","8.01","4.48","5.52","5.52","5.52","0","5.5"
"2019-08-21","FML","8.01","4.48","5.52","5.52","5.5","3,700","5.5"
"2019-08-22","FML","8.01","4.48","5.5","5.5","5.5","400","5.5"
"2019-08-23","FML","8.01","4.48","5.5","5.5","5.5","0","5.5"
"2019-08-26","FML","8.01","4.48","5.5","5.5","5.5","0","5.5"
"2019-08-26","FML","8.01","4.48","5.5","5.5","5.5","0","5.5"
"2019-08-27","FML","8.01","4.48","5.5","5.5","5.5","800","5.49"
"2019-08-28","FML","8.01","4.48","5.5","5.5","5.5","0","5.49"
"2019-08-29","FML","8.01","4.48","5.5","5.5","5.5","0","5.49"
"2019-08-30","FML","8.01","4.48","5.5","5.5","5.49","700","5.49"
"2019-09-02","FML","8.01","4.48","5.49","5.49","5.49","0","5.49"
"2019-09-03","FML","8.01","4.48","5.49","5.49","5.49","0","5.49"
"2019-09-04","FML","8.01","4.48","5.49","5.49","5.47","200","5.46"
"2019-09-05","FML","8.01","4.48","5.47","5.47","5.47","0","5.46"
"2019-09-06","FML","8.01","4.48","5.47","5.47","5.47","0","5.46"
"2019-09-09","FML","8.01","4.48","5.47","5.47","5.47","100","5.46"
"2019-09-10","FML","8.01","4.48","5.47","5.47","5.14","900","5.1"
"2019-09-11","FML","8.01","4.48","5.14","5.14","5.14","0","5.1"
"2019-09-12","FML","8.01","4.48","5.14","5.14","5.13","1,100","5.13"
"2019-09-13","FML","8.01","4.48","5.13","5.13","5.13","0","5.13"
"2019-09-16","FML","8.01","4.48","5.13","5.13","5.13","0","5.13"
"2019-09-17","FML","8.01","4.48","5.13","5.13","5.13","0","5.13"
"2019-09-18","FML","8.01","4.48","5.13","5.13","5.1","450,500","5.1"
"2019-09-19","FML","8.01","4.48","5.1","5.1","5.1","0","5.1"
"2019-09-20","FML","8.01","4.48","5.1","5.1","5.09","100","5.09"
"2019-09-24","FML","8.01","4.48","5.09","5.09","5.09","0","5.09"
"2019-09-25","FML","8.01","4.48","5.09","5.09","5.09","0","5.09"
"2019-09-26","FML","8.01","4.48","5.09","5.09","5.09","0","5.09"
"2019-09-27","FML","8.01","4.48","5.09","5.09","5.09","0","5.09"
"2019-09-30","FML","8.01","4.48","5.09","5.09","5.09","0","5.09"
"2019-10-01","FML","8.01","4.48","5.09","5.09","5.09","0","5.09"
"2019-10-02","FML","8.01","4.48","5.09","5.09","4.85","1,500","4.85"
"2019-10-03","FML","8.01","4.48","4.85","4.85","4.85","0","4.85"
"2019-10-04","FML","8.01","4.5","4.85","4.85","4.5","7,700","4.5"
"2019-10-07","FML","8.01","4.5","4.5","4.5","4.5","0","4.5"
"2019-10-08","FML","8.01","4.5","4.5","4.5","4.5","0","4.5"
"2019-10-09","FML","8.01","4.5","4.5","4.5","4.53","6,400","4.5"
"2019-10-10","FML","8.01","4.5","4.53","4.53","4.53","0","4.5"
"2019-10-11","FML","8.01","4.5","4.53","4.53","4.53","300","4.53"
"2019-10-14","FML","8.01","4.5","4.53","4.53","4.53","700","4.53"
"2019-10-15","FML","8.01","4.5","4.53","4.53","4.53","1,400","4.53"
"2019-10-16","FML","8.01","4.5","4.53","4.53","4.53","0","4.53"
"2019-10-17","FML","8.01","4.5","4.53","4.53","4.53","0","4.53"
"2019-10-18","FML","8.01","4.5","4.53","4.53","4.53","0","4.53"
"2019-10-21","FML","8.01","4.5","4.53","4.53","4.53","0","4.53"
"2019-10-22","FML","8.01","4.5","4.53","4.53","4.53","425,900","4.53"
"2019-10-23","FML","8.01","4.5","4.53","4.53","4.53","0","4.53"
"2019-10-24","FML","8.01","4.5","4.53","4.53","4.53","0","4.53"
"2019-10-25","FML","8.01","4.5","4.53","4.53","4.53","0","4.53"
"2019-10-28","FML","8.01","4.5","4.53","4.53","4.53","200","4.53"
"2019-10-29","FML","8.01","4.5","4.53","4.53","4.53","0","4.53"
"2019-10-30","FML","8.01","4.5","4.53","4.53","4.53","0","4.53"
"2019-10-31","FML","8.01","4.5","4.53","4.53","4.53","0","4.53"
"2019-11-01","FML","8.01","4.5","4.53","4.53","4.53","0","4.53"
"2019-11-04","FML","8.01","4.5","4.53","4.53","4.53","100","4.53"
"2019-11-05","FML","8.01","4.5","4.53","4.53","4.53","0","4.53"
"2019-11-06","FML","8.01","4.5","4.53","4.53","4.53","0","4.53"
"2019-11-07","FML","8.01","4.5","4.53","4.53","4.53","0","4.53"
"2019-11-08","FML","8.01","4.5","4.53","4.53","4.53","0","4.53"
"2019-11-11","FML","8.01","4.5","4.53","4.53","4.53","0","4.53"
"2019-11-12","FML","8.01","4.5","4.53","4.53","4.53","0","4.53"
"2019-11-13","FML","8.01","4.5","4.53","4.53","4.53","0","4.53"
"2019-11-14","FML","8.01","4.5","4.53","4.53","4.53","0","4.53"
"2019-11-15","FML","8.01","4.5","4.53","4.53","4.53","0","4.53"
"2019-11-18","FML","8.01","4.5","4.53","4.53","4.53","300","4.53"
"2019-11-19","FML","8.01","4.5","4.53","4.53","4.53","2,800","4.53"
"2019-11-20","FML","8.01","4.5","4.53","4.53","4.53","0","4.53"
"2019-11-21","FML","8.01","4.5","4.53","4.53","4.53","0","4.53"
"2019-11-22","FML","8.01","4.5","4.53","4.53","4.53","0","4.53"
"2019-11-25","FML","8.01","4.5","4.53","4.53","4.53","0","4.53"
"2019-11-26","FML","8.01","4.5","4.53","4.53","4.53","100","4.53"
"2019-11-27","FML","8.01","4.5","4.53","4.53","4.53","0","4.53"
"2019-11-28","FML","8.01","4.5","4.53","4.53","4.53","0","4.53"
"2019-11-29","FML","8.01","4.5","4.53","4.53","4.53","0","4.53"
"2019-12-02","FML","8.01","4.5","4.53","4.53","4.53","0","4.53"
"2019-12-03","FML","8.01","4.5","4.53","4.53","4.53","100","4.53"
"2019-12-04","FML","8.01","4.5","4.53","4.53","4.53","700","4.53"
"2019-12-05","FML","8.01","4.5","4.53","4.53","4.53","0","4.53"
"2019-12-09","FML","8.01","4.5","4.53","4.53","4.53","400","4.53"
"2019-12-10","FML","8.01","4.5","4.53","4.53","4.53","900","4.53"
"2019-12-11","FML","8.01","4.5","4.53","4.53","4.53","0","4.53"
"2019-12-12","FML","8.01","4.12","4.53","4.53","4.12","2,200","4.12"
"2019-12-13","FML","8.01","4.12","4.12","4.12","4.12","0","4.12"
"2019-12-16","FML","8.01","4.12","4.12","4.12","4.12","1,300","4.12"
"2019-12-17","FML","8.01","4.12","4.12","4.12","4.12","400","4.12"
"2019-12-18","FML","8.01","4.12","4.12","4.12","4.12","4,700","4.12"
"2019-12-19","FML","8.01","4.12","4.12","4.12","4.12","100","4.12"
"2019-12-20","FML","8.01","4.12","4.12","4.12","4.12","0","4.12"
"2019-12-23","FML","8.01","4.12","4.12","4.12","4.12","100","4.12"
"2019-12-24","FML","8.01","4.12","4.12","4.12","4.12","200","4.12"
"2019-12-27","FML","8.01","4.12","4.12","4.12","4.12","0","4.12"
"2019-12-30","FML","8.01","4.12","4.12","4.12","4.12","0","4.12"
"2019-12-31","FML","8.01","4.12","4.12","4.12","4.12","2,400","4.12"
"2020-01-02","FML","4.12","4.12","4.12","4.12","4.12","100","4.12"
"2020-01-03","FML","4.12","4.12","4.12","4.12","4.12","0","4.12"
"2020-01-06","FML","4.12","4.12","4.12","4.12","4.12","400","4.12"
"2020-01-08","FML","4.12","4.12","4.12","4.12","4.12","0","4.12"
"2020-01-09","FML","4.12","4.12","4.12","4.12","4.12","0","4.12"
"2020-01-10","FML","4.12","4.12","4.12","4.12","4.12","0","4.12"
"2020-01-13","FML","4.12","4.12","4.12","4.12","4.12","0","4.12"
"2020-01-14","FML","4.12","4.12","4.12","4.12","4.12","0","4.12"
"2020-01-15","FML","4.12","4.12","4.12","4.12","4.12","200","4.12"
"2020-01-16","FML","4.12","4.12","4.12","4.12","4.12","0","4.12"
"2020-01-17","FML","4.12","4.12","4.12","4.12","4.12","0","4.12"
"2020-01-20","FML","4.12","4.12","4.12","4.12","4.12","0","4.12"
"2020-01-21","FML","4.12","4.12","4.12","4.12","4.12","6,100","4.1"
"2020-01-22","FML","4.12","4.12","4.12","4.12","4.12","400","4.12"
"2020-01-23","FML","4.12","4.12","4.12","4.12","4.12","0","4.12"
"2020-01-24","FML","4.12","4.12","4.12","4.12","4.12","0","4.12"
"2020-01-27","FML","4.12","4.12","4.12","4.12","4.12","0","4.12"
"2020-01-28","FML","4.12","4.12","4.12","4.12","4.12","0","4.12"
"2020-01-29","FML","4.12","4.12","4.12","4.12","4.12","0","4.12"
"2020-01-30","FML","4.12","4.11","4.12","4.12","4.11","500","4.12"
"2020-01-31","FML","4.12","4.11","4.11","4.11","4.11","0","4.12"